Akkara,Jelin Raphael,jelinraphael.akkara@studenti.unipd.it,PoD LCP_22-23_students.csv
Dall'Ara ,Marco ,marco.dallara.1@studenti.unipd.it,PoD LCP_22-23_students.csv
La Delfa ,Niccolò ,niccolo.ladelfa@studenti.unipd.it,PoD LCP_22-23_students.csv
Saccomani,Alessio,alessio.saccomani@studenti.unipd.it,PoD LCP_22-23_students.csv
Zhang,Qiqi,qiqi.zhang@studenti.unipd.it,PoD LCP_22-23_students.csv
